{
	"forge_marker": 1,
	"defaults": {
		"model": "nuclearcraft:wall_part",
		"textures": {
			"in": "nuclearcraft:blocks/source_actinium",
			"out": "nuclearcraft:blocks/fission/source_out_off",
			"side": "nuclearcraft:blocks/fission/source_side",
			"top": "nuclearcraft:blocks/fission/source_side"
		}
	},
	"variants": {
		"inventory": [{
			"y": 180
		}],
		"active": {
			"false": {},
			"true": {
				"textures": {
					"out": "nuclearcraft:blocks/fission/source_out_on"
				}
			}
		},
		"facing": {
			"down": {"x": 90},
			"up": {"x": 270},
			"north": {},
			"east": {"y": 90},
			"south": {"y": 180},
			"west": {"y": 270}
		}
	}
}